--
-- PostgreSQL database dump
--

-- Dumped from database version 14.18 (Homebrew)
-- Dumped by pg_dump version 14.18 (Homebrew)

SET statement_timeout = 0;
SET lock_timeout = 0;
SET idle_in_transaction_session_timeout = 0;
SET client_encoding = 'UTF8';
SET standard_conforming_strings = on;
SELECT pg_catalog.set_config('search_path', '', false);
SET check_function_bodies = false;
SET xmloption = content;
SET client_min_messages = warning;
SET row_security = off;

SET default_tablespace = '';

SET default_table_access_method = heap;

--
-- Name: auth_group; Type: TABLE; Schema: public; Owner: emradmin
--

CREATE TABLE public.auth_group (
    id integer NOT NULL,
    name character varying(150) NOT NULL
);


ALTER TABLE public.auth_group OWNER TO emradmin;

--
-- Name: auth_group_id_seq; Type: SEQUENCE; Schema: public; Owner: emradmin
--

ALTER TABLE public.auth_group ALTER COLUMN id ADD GENERATED BY DEFAULT AS IDENTITY (
    SEQUENCE NAME public.auth_group_id_seq
    START WITH 1
    INCREMENT BY 1
    NO MINVALUE
    NO MAXVALUE
    CACHE 1
);


--
-- Name: auth_group_permissions; Type: TABLE; Schema: public; Owner: emradmin
--

CREATE TABLE public.auth_group_permissions (
    id bigint NOT NULL,
    group_id integer NOT NULL,
    permission_id integer NOT NULL
);


ALTER TABLE public.auth_group_permissions OWNER TO emradmin;

--
-- Name: auth_group_permissions_id_seq; Type: SEQUENCE; Schema: public; Owner: emradmin
--

ALTER TABLE public.auth_group_permissions ALTER COLUMN id ADD GENERATED BY DEFAULT AS IDENTITY (
    SEQUENCE NAME public.auth_group_permissions_id_seq
    START WITH 1
    INCREMENT BY 1
    NO MINVALUE
    NO MAXVALUE
    CACHE 1
);


--
-- Name: auth_permission; Type: TABLE; Schema: public; Owner: emradmin
--

CREATE TABLE public.auth_permission (
    id integer NOT NULL,
    name character varying(255) NOT NULL,
    content_type_id integer NOT NULL,
    codename character varying(100) NOT NULL
);


ALTER TABLE public.auth_permission OWNER TO emradmin;

--
-- Name: auth_permission_id_seq; Type: SEQUENCE; Schema: public; Owner: emradmin
--

ALTER TABLE public.auth_permission ALTER COLUMN id ADD GENERATED BY DEFAULT AS IDENTITY (
    SEQUENCE NAME public.auth_permission_id_seq
    START WITH 1
    INCREMENT BY 1
    NO MINVALUE
    NO MAXVALUE
    CACHE 1
);


--
-- Name: auth_user; Type: TABLE; Schema: public; Owner: emradmin
--

CREATE TABLE public.auth_user (
    id integer NOT NULL,
    password character varying(128) NOT NULL,
    last_login timestamp with time zone,
    is_superuser boolean NOT NULL,
    username character varying(150) NOT NULL,
    first_name character varying(150) NOT NULL,
    last_name character varying(150) NOT NULL,
    email character varying(254) NOT NULL,
    is_staff boolean NOT NULL,
    is_active boolean NOT NULL,
    date_joined timestamp with time zone NOT NULL
);


ALTER TABLE public.auth_user OWNER TO emradmin;

--
-- Name: auth_user_groups; Type: TABLE; Schema: public; Owner: emradmin
--

CREATE TABLE public.auth_user_groups (
    id bigint NOT NULL,
    user_id integer NOT NULL,
    group_id integer NOT NULL
);


ALTER TABLE public.auth_user_groups OWNER TO emradmin;

--
-- Name: auth_user_groups_id_seq; Type: SEQUENCE; Schema: public; Owner: emradmin
--

ALTER TABLE public.auth_user_groups ALTER COLUMN id ADD GENERATED BY DEFAULT AS IDENTITY (
    SEQUENCE NAME public.auth_user_groups_id_seq
    START WITH 1
    INCREMENT BY 1
    NO MINVALUE
    NO MAXVALUE
    CACHE 1
);


--
-- Name: auth_user_id_seq; Type: SEQUENCE; Schema: public; Owner: emradmin
--

ALTER TABLE public.auth_user ALTER COLUMN id ADD GENERATED BY DEFAULT AS IDENTITY (
    SEQUENCE NAME public.auth_user_id_seq
    START WITH 1
    INCREMENT BY 1
    NO MINVALUE
    NO MAXVALUE
    CACHE 1
);


--
-- Name: auth_user_user_permissions; Type: TABLE; Schema: public; Owner: emradmin
--

CREATE TABLE public.auth_user_user_permissions (
    id bigint NOT NULL,
    user_id integer NOT NULL,
    permission_id integer NOT NULL
);


ALTER TABLE public.auth_user_user_permissions OWNER TO emradmin;

--
-- Name: auth_user_user_permissions_id_seq; Type: SEQUENCE; Schema: public; Owner: emradmin
--

ALTER TABLE public.auth_user_user_permissions ALTER COLUMN id ADD GENERATED BY DEFAULT AS IDENTITY (
    SEQUENCE NAME public.auth_user_user_permissions_id_seq
    START WITH 1
    INCREMENT BY 1
    NO MINVALUE
    NO MAXVALUE
    CACHE 1
);


--
-- Name: django_admin_log; Type: TABLE; Schema: public; Owner: emradmin
--

CREATE TABLE public.django_admin_log (
    id integer NOT NULL,
    action_time timestamp with time zone NOT NULL,
    object_id text,
    object_repr character varying(200) NOT NULL,
    action_flag smallint NOT NULL,
    change_message text NOT NULL,
    content_type_id integer,
    user_id integer NOT NULL,
    CONSTRAINT django_admin_log_action_flag_check CHECK ((action_flag >= 0))
);


ALTER TABLE public.django_admin_log OWNER TO emradmin;

--
-- Name: django_admin_log_id_seq; Type: SEQUENCE; Schema: public; Owner: emradmin
--

ALTER TABLE public.django_admin_log ALTER COLUMN id ADD GENERATED BY DEFAULT AS IDENTITY (
    SEQUENCE NAME public.django_admin_log_id_seq
    START WITH 1
    INCREMENT BY 1
    NO MINVALUE
    NO MAXVALUE
    CACHE 1
);


--
-- Name: django_content_type; Type: TABLE; Schema: public; Owner: emradmin
--

CREATE TABLE public.django_content_type (
    id integer NOT NULL,
    app_label character varying(100) NOT NULL,
    model character varying(100) NOT NULL
);


ALTER TABLE public.django_content_type OWNER TO emradmin;

--
-- Name: django_content_type_id_seq; Type: SEQUENCE; Schema: public; Owner: emradmin
--

ALTER TABLE public.django_content_type ALTER COLUMN id ADD GENERATED BY DEFAULT AS IDENTITY (
    SEQUENCE NAME public.django_content_type_id_seq
    START WITH 1
    INCREMENT BY 1
    NO MINVALUE
    NO MAXVALUE
    CACHE 1
);


--
-- Name: django_migrations; Type: TABLE; Schema: public; Owner: emradmin
--

CREATE TABLE public.django_migrations (
    id bigint NOT NULL,
    app character varying(255) NOT NULL,
    name character varying(255) NOT NULL,
    applied timestamp with time zone NOT NULL
);


ALTER TABLE public.django_migrations OWNER TO emradmin;

--
-- Name: django_migrations_id_seq; Type: SEQUENCE; Schema: public; Owner: emradmin
--

ALTER TABLE public.django_migrations ALTER COLUMN id ADD GENERATED BY DEFAULT AS IDENTITY (
    SEQUENCE NAME public.django_migrations_id_seq
    START WITH 1
    INCREMENT BY 1
    NO MINVALUE
    NO MAXVALUE
    CACHE 1
);


--
-- Name: django_session; Type: TABLE; Schema: public; Owner: emradmin
--

CREATE TABLE public.django_session (
    session_key character varying(40) NOT NULL,
    session_data text NOT NULL,
    expire_date timestamp with time zone NOT NULL
);


ALTER TABLE public.django_session OWNER TO emradmin;

--
-- Name: patients_basepatient; Type: TABLE; Schema: public; Owner: emradmin
--

CREATE TABLE public.patients_basepatient (
    id bigint NOT NULL,
    title character varying(10) NOT NULL,
    surname character varying(100) NOT NULL,
    first_name character varying(100) NOT NULL,
    last_name character varying(100) NOT NULL,
    gender character varying(10) NOT NULL,
    date_of_birth date,
    age integer,
    marital_status character varying(20) NOT NULL,
    email character varying(254) NOT NULL,
    phone character varying(20) NOT NULL,
    residential_address text NOT NULL,
    state_of_residence character varying(50) NOT NULL,
    permanent_address text NOT NULL,
    state_of_origin character varying(50) NOT NULL,
    local_government_area character varying(100) NOT NULL,
    blood_group character varying(5) NOT NULL,
    genotype character varying(5) NOT NULL,
    photo character varying(100) NOT NULL,
    nok_first_name character varying(100) NOT NULL,
    nok_last_name character varying(100) NOT NULL,
    nok_relationship character varying(50) NOT NULL,
    nok_address text NOT NULL,
    nok_phone character varying(20) NOT NULL,
    created_at timestamp with time zone NOT NULL,
    address text NOT NULL,
    patient_type character varying(20) NOT NULL
);


ALTER TABLE public.patients_basepatient OWNER TO emradmin;

--
-- Name: medical_records_basepatient_id_seq; Type: SEQUENCE; Schema: public; Owner: emradmin
--

ALTER TABLE public.patients_basepatient ALTER COLUMN id ADD GENERATED BY DEFAULT AS IDENTITY (
    SEQUENCE NAME public.medical_records_basepatient_id_seq
    START WITH 1
    INCREMENT BY 1
    NO MINVALUE
    NO MAXVALUE
    CACHE 1
);


--
-- Name: patients_sponsor; Type: TABLE; Schema: public; Owner: emradmin
--

CREATE TABLE public.patients_sponsor (
    id bigint NOT NULL,
    category character varying(20) NOT NULL,
    employee_id bigint,
    retiree_id bigint
);


ALTER TABLE public.patients_sponsor OWNER TO emradmin;

--
-- Name: medical_records_sponsor_id_seq; Type: SEQUENCE; Schema: public; Owner: emradmin
--

ALTER TABLE public.patients_sponsor ALTER COLUMN id ADD GENERATED BY DEFAULT AS IDENTITY (
    SEQUENCE NAME public.medical_records_sponsor_id_seq
    START WITH 1
    INCREMENT BY 1
    NO MINVALUE
    NO MAXVALUE
    CACHE 1
);


--
-- Name: visits; Type: TABLE; Schema: public; Owner: emradmin
--

CREATE TABLE public.visits (
    id bigint NOT NULL,
    visit_date date NOT NULL,
    visit_time time without time zone NOT NULL,
    visit_location character varying(100) NOT NULL,
    visit_type character varying(50) NOT NULL,
    clinic character varying(50) NOT NULL,
    priority character varying(20) NOT NULL,
    special_instructions text NOT NULL,
    status character varying(20) NOT NULL,
    created_at timestamp with time zone NOT NULL,
    updated_at timestamp with time zone NOT NULL,
    patient_id bigint NOT NULL,
    patient_name character varying(255) NOT NULL,
    personal_number character varying(50) NOT NULL
);


ALTER TABLE public.visits OWNER TO emradmin;

--
-- Name: medical_records_visit_id_seq; Type: SEQUENCE; Schema: public; Owner: emradmin
--

ALTER TABLE public.visits ALTER COLUMN id ADD GENERATED BY DEFAULT AS IDENTITY (
    SEQUENCE NAME public.medical_records_visit_id_seq
    START WITH 1
    INCREMENT BY 1
    NO MINVALUE
    NO MAXVALUE
    CACHE 1
);


--
-- Name: patients_dependent; Type: TABLE; Schema: public; Owner: emradmin
--

CREATE TABLE public.patients_dependent (
    basepatient_ptr_id bigint NOT NULL,
    dependent_type character varying(50) NOT NULL,
    relationship character varying(50) NOT NULL,
    sponsor_id bigint NOT NULL
);


ALTER TABLE public.patients_dependent OWNER TO emradmin;

--
-- Name: patients_employee; Type: TABLE; Schema: public; Owner: emradmin
--

CREATE TABLE public.patients_employee (
    basepatient_ptr_id bigint NOT NULL,
    personal_number character varying(50) NOT NULL,
    type character varying(50) NOT NULL,
    division character varying(100) NOT NULL,
    location character varying(100) NOT NULL
);


ALTER TABLE public.patients_employee OWNER TO emradmin;

--
-- Name: patients_nonnpa; Type: TABLE; Schema: public; Owner: emradmin
--

CREATE TABLE public.patients_nonnpa (
    basepatient_ptr_id bigint NOT NULL,
    non_npa_type character varying(50) NOT NULL
);


ALTER TABLE public.patients_nonnpa OWNER TO emradmin;

--
-- Name: patients_retiree; Type: TABLE; Schema: public; Owner: emradmin
--

CREATE TABLE public.patients_retiree (
    basepatient_ptr_id bigint NOT NULL,
    personal_number character varying(50) NOT NULL
);


ALTER TABLE public.patients_retiree OWNER TO emradmin;

--
-- Name: patients_vital; Type: TABLE; Schema: public; Owner: emradmin
--

CREATE TABLE public.patients_vital (
    id bigint NOT NULL,
    blood_pressure character varying(20) NOT NULL,
    temperature numeric(4,1),
    pulse integer,
    respiratory_rate integer,
    oxygen_saturation integer,
    height numeric(5,2),
    weight numeric(5,2),
    rbs_fbs numeric(5,2),
    created_at timestamp with time zone NOT NULL,
    patient_id bigint NOT NULL
);


ALTER TABLE public.patients_vital OWNER TO emradmin;

--
-- Name: patients_vital_id_seq; Type: SEQUENCE; Schema: public; Owner: emradmin
--

ALTER TABLE public.patients_vital ALTER COLUMN id ADD GENERATED BY DEFAULT AS IDENTITY (
    SEQUENCE NAME public.patients_vital_id_seq
    START WITH 1
    INCREMENT BY 1
    NO MINVALUE
    NO MAXVALUE
    CACHE 1
);


--
-- Name: registry_employee; Type: TABLE; Schema: public; Owner: emradmin
--

CREATE TABLE public.registry_employee (
    id bigint NOT NULL,
    personal_number character varying(20) NOT NULL,
    first_name character varying(100) NOT NULL,
    last_name character varying(100) NOT NULL,
    employee_type character varying(20) NOT NULL,
    division character varying(100) NOT NULL,
    designation character varying(100) NOT NULL,
    location character varying(100) NOT NULL,
    marital_status character varying(20) NOT NULL,
    gender character varying(10) NOT NULL,
    date_of_birth date,
    age integer,
    email character varying(254) NOT NULL,
    phone character varying(20) NOT NULL,
    address text NOT NULL,
    blood_group character varying(5) NOT NULL,
    genotype character varying(5) NOT NULL,
    nok_first_name character varying(100) NOT NULL,
    nok_last_name character varying(100) NOT NULL,
    nok_relationship character varying(50) NOT NULL,
    nok_address text NOT NULL,
    nok_phone character varying(20) NOT NULL,
    created_at timestamp with time zone NOT NULL,
    updated_at timestamp with time zone NOT NULL,
    CONSTRAINT registry_employee_age_check CHECK ((age >= 0))
);


ALTER TABLE public.registry_employee OWNER TO emradmin;

--
-- Name: registry_employee_id_seq; Type: SEQUENCE; Schema: public; Owner: emradmin
--

ALTER TABLE public.registry_employee ALTER COLUMN id ADD GENERATED BY DEFAULT AS IDENTITY (
    SEQUENCE NAME public.registry_employee_id_seq
    START WITH 1
    INCREMENT BY 1
    NO MINVALUE
    NO MAXVALUE
    CACHE 1
);


--
-- Name: registry_employeedependent; Type: TABLE; Schema: public; Owner: emradmin
--

CREATE TABLE public.registry_employeedependent (
    id bigint NOT NULL,
    title character varying(20) NOT NULL,
    surname character varying(100) NOT NULL,
    first_name character varying(100) NOT NULL,
    last_name character varying(100) NOT NULL,
    relationship character varying(50) NOT NULL,
    date_of_birth date,
    age integer,
    phone character varying(20) NOT NULL,
    email character varying(254) NOT NULL,
    address text NOT NULL,
    blood_group character varying(5) NOT NULL,
    genotype character varying(5) NOT NULL,
    nok_first_name character varying(100) NOT NULL,
    nok_last_name character varying(100) NOT NULL,
    nok_relationship character varying(50) NOT NULL,
    nok_address text NOT NULL,
    nok_phone character varying(20) NOT NULL,
    sponsor_id bigint NOT NULL,
    CONSTRAINT registry_employeedependent_age_check CHECK ((age >= 0))
);


ALTER TABLE public.registry_employeedependent OWNER TO emradmin;

--
-- Name: registry_employeedependent_id_seq; Type: SEQUENCE; Schema: public; Owner: emradmin
--

ALTER TABLE public.registry_employeedependent ALTER COLUMN id ADD GENERATED BY DEFAULT AS IDENTITY (
    SEQUENCE NAME public.registry_employeedependent_id_seq
    START WITH 1
    INCREMENT BY 1
    NO MINVALUE
    NO MAXVALUE
    CACHE 1
);


--
-- Name: registry_nonnpa; Type: TABLE; Schema: public; Owner: emradmin
--

CREATE TABLE public.registry_nonnpa (
    id bigint NOT NULL,
    category character varying(50) NOT NULL,
    identifier character varying(50) NOT NULL,
    first_name character varying(100) NOT NULL,
    last_name character varying(100) NOT NULL,
    marital_status character varying(20) NOT NULL,
    gender character varying(10) NOT NULL,
    date_of_birth date,
    age integer,
    email character varying(254) NOT NULL,
    phone character varying(20) NOT NULL,
    address text NOT NULL,
    blood_group character varying(5) NOT NULL,
    genotype character varying(5) NOT NULL,
    nok_first_name character varying(100) NOT NULL,
    nok_last_name character varying(100) NOT NULL,
    nok_relationship character varying(50) NOT NULL,
    nok_address text NOT NULL,
    nok_phone character varying(20) NOT NULL,
    created_at timestamp with time zone NOT NULL,
    updated_at timestamp with time zone NOT NULL,
    CONSTRAINT registry_nonnpa_age_check CHECK ((age >= 0))
);


ALTER TABLE public.registry_nonnpa OWNER TO emradmin;

--
-- Name: registry_nonnpa_id_seq; Type: SEQUENCE; Schema: public; Owner: emradmin
--

ALTER TABLE public.registry_nonnpa ALTER COLUMN id ADD GENERATED BY DEFAULT AS IDENTITY (
    SEQUENCE NAME public.registry_nonnpa_id_seq
    START WITH 1
    INCREMENT BY 1
    NO MINVALUE
    NO MAXVALUE
    CACHE 1
);


--
-- Name: registry_patient; Type: TABLE; Schema: public; Owner: emradmin
--

CREATE TABLE public.registry_patient (
    id bigint NOT NULL,
    category character varying(50) NOT NULL,
    subcategory character varying(50) NOT NULL,
    personal_number character varying(20) NOT NULL,
    title character varying(10) NOT NULL,
    surname character varying(100) NOT NULL,
    first_name character varying(100) NOT NULL,
    last_name character varying(100) NOT NULL,
    gender character varying(10) NOT NULL,
    marital_status character varying(20) NOT NULL,
    date_of_birth date,
    age integer,
    employee_type character varying(20) NOT NULL,
    designation character varying(100) NOT NULL,
    division character varying(100) NOT NULL,
    location character varying(100) NOT NULL,
    email character varying(254) NOT NULL,
    phone character varying(20) NOT NULL,
    address text NOT NULL,
    blood_group character varying(5) NOT NULL,
    genotype character varying(5) NOT NULL,
    nok_first_name character varying(100) NOT NULL,
    nok_last_name character varying(100) NOT NULL,
    nok_relationship character varying(50) NOT NULL,
    nok_address text NOT NULL,
    nok_phone character varying(20) NOT NULL,
    created_at timestamp with time zone NOT NULL,
    updated_at timestamp with time zone NOT NULL,
    CONSTRAINT registry_patient_age_check CHECK ((age >= 0))
);


ALTER TABLE public.registry_patient OWNER TO emradmin;

--
-- Name: registry_patient_id_seq; Type: SEQUENCE; Schema: public; Owner: emradmin
--

ALTER TABLE public.registry_patient ALTER COLUMN id ADD GENERATED BY DEFAULT AS IDENTITY (
    SEQUENCE NAME public.registry_patient_id_seq
    START WITH 1
    INCREMENT BY 1
    NO MINVALUE
    NO MAXVALUE
    CACHE 1
);


--
-- Name: registry_retiree; Type: TABLE; Schema: public; Owner: emradmin
--

CREATE TABLE public.registry_retiree (
    id bigint NOT NULL,
    personal_number character varying(20) NOT NULL,
    first_name character varying(100) NOT NULL,
    last_name character varying(100) NOT NULL,
    marital_status character varying(20) NOT NULL,
    gender character varying(10) NOT NULL,
    date_of_birth date,
    age integer,
    email character varying(254) NOT NULL,
    phone character varying(20) NOT NULL,
    address text NOT NULL,
    blood_group character varying(5) NOT NULL,
    genotype character varying(5) NOT NULL,
    nok_first_name character varying(100) NOT NULL,
    nok_last_name character varying(100) NOT NULL,
    nok_relationship character varying(50) NOT NULL,
    nok_address text NOT NULL,
    nok_phone character varying(20) NOT NULL,
    created_at timestamp with time zone NOT NULL,
    updated_at timestamp with time zone NOT NULL,
    CONSTRAINT registry_retiree_age_check CHECK ((age >= 0))
);


ALTER TABLE public.registry_retiree OWNER TO emradmin;

--
-- Name: registry_retiree_id_seq; Type: SEQUENCE; Schema: public; Owner: emradmin
--

ALTER TABLE public.registry_retiree ALTER COLUMN id ADD GENERATED BY DEFAULT AS IDENTITY (
    SEQUENCE NAME public.registry_retiree_id_seq
    START WITH 1
    INCREMENT BY 1
    NO MINVALUE
    NO MAXVALUE
    CACHE 1
);


--
-- Name: registry_retireedependent; Type: TABLE; Schema: public; Owner: emradmin
--

CREATE TABLE public.registry_retireedependent (
    id bigint NOT NULL,
    title character varying(20) NOT NULL,
    surname character varying(100) NOT NULL,
    first_name character varying(100) NOT NULL,
    last_name character varying(100) NOT NULL,
    relationship character varying(50) NOT NULL,
    date_of_birth date,
    age integer,
    phone character varying(20) NOT NULL,
    email character varying(254) NOT NULL,
    address text NOT NULL,
    blood_group character varying(5) NOT NULL,
    genotype character varying(5) NOT NULL,
    nok_first_name character varying(100) NOT NULL,
    nok_last_name character varying(100) NOT NULL,
    nok_relationship character varying(50) NOT NULL,
    nok_address text NOT NULL,
    nok_phone character varying(20) NOT NULL,
    sponsor_id bigint NOT NULL,
    CONSTRAINT registry_retireedependent_age_check CHECK ((age >= 0))
);


ALTER TABLE public.registry_retireedependent OWNER TO emradmin;

--
-- Name: registry_retireedependent_id_seq; Type: SEQUENCE; Schema: public; Owner: emradmin
--

ALTER TABLE public.registry_retireedependent ALTER COLUMN id ADD GENERATED BY DEFAULT AS IDENTITY (
    SEQUENCE NAME public.registry_retireedependent_id_seq
    START WITH 1
    INCREMENT BY 1
    NO MINVALUE
    NO MAXVALUE
    CACHE 1
);


--
-- Data for Name: auth_group; Type: TABLE DATA; Schema: public; Owner: emradmin
--

COPY public.auth_group (id, name) FROM stdin;
1	MedicalRecordsAdmin
2	superadmin
\.


--
-- Data for Name: auth_group_permissions; Type: TABLE DATA; Schema: public; Owner: emradmin
--

COPY public.auth_group_permissions (id, group_id, permission_id) FROM stdin;
1	1	25
2	1	26
3	1	27
4	1	28
5	1	29
6	1	30
7	1	31
8	1	32
9	1	33
10	1	34
11	1	35
12	1	36
13	1	37
14	1	38
15	1	39
16	1	40
17	1	41
18	1	42
19	1	43
20	1	44
21	1	45
22	1	46
23	1	47
24	1	48
25	1	49
26	1	50
27	1	51
28	1	52
29	1	53
30	1	54
31	1	55
32	1	56
33	1	57
34	1	58
35	1	59
36	1	60
37	1	61
38	1	62
39	1	63
40	1	64
41	1	65
42	1	66
43	1	67
44	1	68
45	1	69
46	1	70
47	1	71
48	1	72
49	1	73
50	1	74
51	1	75
52	1	76
53	2	1
54	2	2
55	2	3
56	2	4
57	2	5
58	2	6
59	2	7
60	2	8
61	2	9
62	2	10
63	2	11
64	2	12
65	2	13
66	2	14
67	2	15
68	2	16
69	2	17
70	2	18
71	2	19
72	2	20
73	2	21
74	2	22
75	2	23
76	2	24
77	2	25
78	2	26
79	2	27
80	2	28
81	2	29
82	2	30
83	2	31
84	2	32
85	2	33
86	2	34
87	2	35
88	2	36
89	2	37
90	2	38
91	2	39
92	2	40
93	2	41
94	2	42
95	2	43
96	2	44
97	2	45
98	2	46
99	2	47
100	2	48
101	2	49
102	2	50
103	2	51
104	2	52
105	2	53
106	2	54
107	2	55
108	2	56
109	2	57
110	2	58
111	2	59
112	2	60
113	2	61
114	2	62
115	2	63
116	2	64
117	2	65
118	2	66
119	2	67
120	2	68
121	2	69
122	2	70
123	2	71
124	2	72
125	2	73
126	2	74
127	2	75
128	2	76
129	2	80
130	2	77
131	2	78
132	2	79
\.


--
-- Data for Name: auth_permission; Type: TABLE DATA; Schema: public; Owner: emradmin
--

COPY public.auth_permission (id, name, content_type_id, codename) FROM stdin;
1	Can add log entry	1	add_logentry
2	Can change log entry	1	change_logentry
3	Can delete log entry	1	delete_logentry
4	Can view log entry	1	view_logentry
5	Can add permission	2	add_permission
6	Can change permission	2	change_permission
7	Can delete permission	2	delete_permission
8	Can view permission	2	view_permission
9	Can add group	3	add_group
10	Can change group	3	change_group
11	Can delete group	3	delete_group
12	Can view group	3	view_group
13	Can add user	4	add_user
14	Can change user	4	change_user
15	Can delete user	4	delete_user
16	Can view user	4	view_user
17	Can add content type	5	add_contenttype
18	Can change content type	5	change_contenttype
19	Can delete content type	5	delete_contenttype
20	Can view content type	5	view_contenttype
21	Can add session	6	add_session
22	Can change session	6	change_session
23	Can delete session	6	delete_session
24	Can view session	6	view_session
25	Can add employee	7	add_employee
26	Can change employee	7	change_employee
27	Can delete employee	7	delete_employee
28	Can view employee	7	view_employee
29	Can add non npa	8	add_nonnpa
30	Can change non npa	8	change_nonnpa
31	Can delete non npa	8	delete_nonnpa
32	Can view non npa	8	view_nonnpa
33	Can add retiree	9	add_retiree
34	Can change retiree	9	change_retiree
35	Can delete retiree	9	delete_retiree
36	Can view retiree	9	view_retiree
37	Can add retiree dependent	10	add_retireedependent
38	Can change retiree dependent	10	change_retireedependent
39	Can delete retiree dependent	10	delete_retireedependent
40	Can view retiree dependent	10	view_retireedependent
41	Can add employee dependent	11	add_employeedependent
42	Can change employee dependent	11	change_employeedependent
43	Can delete employee dependent	11	delete_employeedependent
44	Can view employee dependent	11	view_employeedependent
45	Can add patient	12	add_patient
46	Can change patient	12	change_patient
47	Can delete patient	12	delete_patient
48	Can view patient	12	view_patient
49	Can add sponsor	13	add_sponsor
50	Can change sponsor	13	change_sponsor
51	Can delete sponsor	13	delete_sponsor
52	Can view sponsor	13	view_sponsor
53	Can add base patient	14	add_basepatient
54	Can change base patient	14	change_basepatient
55	Can delete base patient	14	delete_basepatient
56	Can view base patient	14	view_basepatient
57	Can add visit	15	add_visit
58	Can change visit	15	change_visit
59	Can delete visit	15	delete_visit
60	Can view visit	15	view_visit
61	Can add non npa	16	add_nonnpa
62	Can change non npa	16	change_nonnpa
63	Can delete non npa	16	delete_nonnpa
64	Can view non npa	16	view_nonnpa
65	Can add employee	17	add_employee
66	Can change employee	17	change_employee
67	Can delete employee	17	delete_employee
68	Can view employee	17	view_employee
69	Can add retiree	18	add_retiree
70	Can change retiree	18	change_retiree
71	Can delete retiree	18	delete_retiree
72	Can view retiree	18	view_retiree
73	Can add dependent	19	add_dependent
74	Can change dependent	19	change_dependent
75	Can delete dependent	19	delete_dependent
76	Can view dependent	19	view_dependent
77	Can add vital	20	add_vital
78	Can change vital	20	change_vital
79	Can delete vital	20	delete_vital
80	Can view vital	20	view_vital
\.


--
-- Data for Name: auth_user; Type: TABLE DATA; Schema: public; Owner: emradmin
--

COPY public.auth_user (id, password, last_login, is_superuser, username, first_name, last_name, email, is_staff, is_active, date_joined) FROM stdin;
1	pbkdf2_sha256$1000000$3WPl2TdM0sSsDSiChKcc0M$KSSljt4hmoRLdZX/oB4+lgEIM1tawejmDA2nEO4Tgiw=	2025-09-05 20:30:54+01	t	emradmin			emradmin@nigerianports.gov.ng	t	t	2025-08-05 16:13:16+01
\.


--
-- Data for Name: auth_user_groups; Type: TABLE DATA; Schema: public; Owner: emradmin
--

COPY public.auth_user_groups (id, user_id, group_id) FROM stdin;
2	1	2
3	1	1
\.


--
-- Data for Name: auth_user_user_permissions; Type: TABLE DATA; Schema: public; Owner: emradmin
--

COPY public.auth_user_user_permissions (id, user_id, permission_id) FROM stdin;
1	1	1
2	1	2
3	1	3
4	1	4
5	1	5
6	1	6
7	1	7
8	1	8
9	1	9
10	1	10
11	1	11
12	1	12
13	1	13
14	1	14
15	1	15
16	1	16
17	1	17
18	1	18
19	1	19
20	1	20
21	1	21
22	1	22
23	1	23
24	1	24
25	1	25
26	1	26
27	1	27
28	1	28
29	1	29
30	1	30
31	1	31
32	1	32
33	1	33
34	1	34
35	1	35
36	1	36
37	1	37
38	1	38
39	1	39
40	1	40
41	1	41
42	1	42
43	1	43
44	1	44
45	1	45
46	1	46
47	1	47
48	1	48
49	1	49
50	1	50
51	1	51
52	1	52
53	1	53
54	1	54
55	1	55
56	1	56
57	1	57
58	1	58
59	1	59
60	1	60
61	1	61
62	1	62
63	1	63
64	1	64
65	1	65
66	1	66
67	1	67
68	1	68
69	1	69
70	1	70
71	1	71
72	1	72
73	1	73
74	1	74
75	1	75
76	1	76
77	1	80
78	1	77
79	1	78
80	1	79
\.


--
-- Data for Name: django_admin_log; Type: TABLE DATA; Schema: public; Owner: emradmin
--

COPY public.django_admin_log (id, action_time, object_id, object_repr, action_flag, change_message, content_type_id, user_id) FROM stdin;
1	2025-09-04 13:26:42.752565+01	1	MedicalRecordsAdmin	2	[{"changed": {"fields": ["Permissions"]}}]	3	1
2	2025-09-04 13:28:02.212245+01	1	emradmin	2	[{"changed": {"fields": ["User permissions"]}}]	4	1
3	2025-09-05 17:12:56.765956+01	2	super-admin	1	[{"added": {}}]	3	1
4	2025-09-05 17:13:08.812408+01	2	superadmin	2	[{"changed": {"fields": ["Name"]}}]	3	1
5	2025-09-05 17:13:54.182949+01	1	emradmin	2	[{"changed": {"fields": ["Groups"]}}]	4	1
6	2025-09-05 20:31:22.515301+01	1	emradmin	2	[{"changed": {"fields": ["User permissions"]}}]	4	1
7	2025-09-05 20:31:32.257625+01	2	superadmin	2	[{"changed": {"fields": ["Permissions"]}}]	3	1
8	2025-09-05 20:33:51.16919+01	1	Yaro Uthman (Employee)	1	[{"added": {}}]	14	1
\.


--
-- Data for Name: django_content_type; Type: TABLE DATA; Schema: public; Owner: emradmin
--

COPY public.django_content_type (id, app_label, model) FROM stdin;
1	admin	logentry
2	auth	permission
3	auth	group
4	auth	user
5	contenttypes	contenttype
6	sessions	session
7	registry	employee
8	registry	nonnpa
9	registry	retiree
10	registry	retireedependent
11	registry	employeedependent
12	registry	patient
13	medical_records	sponsor
14	medical_records	basepatient
15	medical_records	visit
16	medical_records	nonnpa
17	medical_records	employee
18	medical_records	retiree
19	medical_records	dependent
20	medical_records	vital
\.


--
-- Data for Name: django_migrations; Type: TABLE DATA; Schema: public; Owner: emradmin
--

COPY public.django_migrations (id, app, name, applied) FROM stdin;
1	contenttypes	0001_initial	2025-08-05 16:11:15.440161+01
2	auth	0001_initial	2025-08-05 16:11:15.508453+01
3	admin	0001_initial	2025-08-05 16:11:15.524856+01
4	admin	0002_logentry_remove_auto_add	2025-08-05 16:11:15.53285+01
5	admin	0003_logentry_add_action_flag_choices	2025-08-05 16:11:15.539998+01
6	contenttypes	0002_remove_content_type_name	2025-08-05 16:11:15.557153+01
7	auth	0002_alter_permission_name_max_length	2025-08-05 16:11:15.566122+01
8	auth	0003_alter_user_email_max_length	2025-08-05 16:11:15.574328+01
9	auth	0004_alter_user_username_opts	2025-08-05 16:11:15.583708+01
10	auth	0005_alter_user_last_login_null	2025-08-05 16:11:15.59939+01
11	auth	0006_require_contenttypes_0002	2025-08-05 16:11:15.601784+01
12	auth	0007_alter_validators_add_error_messages	2025-08-05 16:11:15.610338+01
13	auth	0008_alter_user_username_max_length	2025-08-05 16:11:15.624256+01
14	auth	0009_alter_user_last_name_max_length	2025-08-05 16:11:15.635297+01
15	auth	0010_alter_group_name_max_length	2025-08-05 16:11:15.645609+01
16	auth	0011_update_proxy_permissions	2025-08-05 16:11:15.654992+01
17	auth	0012_alter_user_first_name_max_length	2025-08-05 16:11:15.66557+01
18	registry	0001_initial	2025-08-05 16:11:15.726799+01
19	sessions	0001_initial	2025-08-05 16:11:15.739188+01
20	registry	0002_patient_alter_employee_surname_alter_employee_title	2025-08-05 22:16:38.838986+01
21	medical_records	0001_initial	2025-09-04 12:33:24.59335+01
22	medical_records	0002_basepatient_address_basepatient_patient_type_and_more	2025-09-05 20:13:53.409566+01
23	medical_records	0003_remove_visit_notes_visit_patient_name_and_more	2025-09-06 08:42:17.444845+01
24	medical_records	0004_alter_basepatient_patient_type	2025-09-06 08:42:17.462314+01
25	medical_records	0005_alter_basepatient_patient_type_and_more	2025-09-06 09:18:15.647355+01
\.


--
-- Data for Name: django_session; Type: TABLE DATA; Schema: public; Owner: emradmin
--

COPY public.django_session (session_key, session_data, expire_date) FROM stdin;
8z5ybcitfmsexnwu6zc1tuvzzpy3epmv	.eJxVjDsOwjAQRO_iGlneJf5R0nMGa7Pe4ABypDipEHcnkVJAM8W8N_NWidalpLXJnMasLgrU6bfriZ9Sd5AfVO-T5qku89jrXdEHbfo2ZXldD_fvoFAr25rQQewgO9rSd9H7IEAhs2FEiXZgCWcAEwawDEQiYCySB8QQnRX1-QLEHzcN:1ujJR5:5xoMgBkfrTnFIE3IutNoinPZmPmKdU1LqEjoNTI6X2I	2025-08-19 16:18:43.061097+01
rt2vbbkcx7k38ke4xbl4tsios90p2ulc	.eJxVjDsOwjAQBe_iGlnedbCzlPQ5g7X-4QCypTipEHeHSCmgfTPzXsLxtha39bS4OYqLAHH63TyHR6o7iHeutyZDq-sye7kr8qBdTi2m5_Vw_w4K9_KtyRhARUO2YyJgdSZtBvTAMWurUIUBtMWE1hriQIApoEWtIY_GE2rx_gCiFjYk:1ujLIH:tr1CWL0xnmjMmCwYJi9tNTln3ZEAMOYD4_Oi8laqUcM	2025-08-19 18:17:45.477256+01
w6qzxhgbpaxf9yjfwzfuhlrjrwbfgekj	.eJxVjMEOwiAQRP-FsyEu1gU8evcbyLILUjWQlPZk_HfbpAc9zrw381aBlrmEpacpjKIuCtTht4vEz1Q3IA-q96a51Xkao94UvdOub03S67q7fweFelnXBNkyZyds_AAOUIAZ3ek4ZPaRwUCyZI1HOUMUjAZNzCKEayRnkvp8AfgBOIc:1uuc98:jzoDLiq9csppZI6FjPG88tY-cRFCGKL4vrOhxSJWvs8	2025-09-19 20:30:54.678995+01
\.


--
-- Data for Name: patients_basepatient; Type: TABLE DATA; Schema: public; Owner: emradmin
--

COPY public.patients_basepatient (id, title, surname, first_name, last_name, gender, date_of_birth, age, marital_status, email, phone, residential_address, state_of_residence, permanent_address, state_of_origin, local_government_area, blood_group, genotype, photo, nok_first_name, nok_last_name, nok_relationship, nok_address, nok_phone, created_at, address, patient_type) FROM stdin;
1	Mr	Yaro	Uthman	Musa	Male	1994-04-10	31	Married	u.musa@yahoo.com	08032615861	brf estsate surulere	Lagos	brf estsate surulere	Kaduna	Ikara	A+	AA	patient_photos/PHOTO-2025-09-02-15-10-35.jpg	Fatima	Uthman	Spouse	brf estsate surulere	08143197528	2025-09-05 20:33:51.124057+01	brf estsate surulere	Employee
2		Test	John		Male	1980-01-01	45																	2025-09-05 20:43:03.447371+01		Employee
3	Mr	Yaro	Muhammed	Musa	Male	1991-09-10	33	Married	msmk@yahoo.com	0801982765	brf estsate surulere	Lagos	brf estsate surulere	Lagos	Ikara	A+	AA	patient_photos/PHOTO-2025-09-02-15-10-35_AbDzS8o.jpg	Hael	Yaro	Spouse	brf estsate surulere	08032615861	2025-09-05 20:45:42.541789+01		Employee
4	Mr	bello	tukur	habib	Male	1991-02-05	34	Single	bt@yahoo.com	08321748934	gas station	Edo	hilltop avene	Cross River	akawa	AB-	AS	patient_photos/PHOTO-2025-09-02-15-10-35_s22sGEw.jpg	farieed	yekin	Child	hilltop avene	9283729384	2025-09-06 07:20:48.785375+01		Employee
5	Ms	Yaro	Aisha	Uthman	Female	2020-12-20	4	Single	aishm@yahoo.com	0987654430	brf estsate surulere	Lagos	brf estsate surulere	Lagos	Ikara	A+	AA		Uthman	Yaro	Parent	brf estsate surulere	08032615861	2025-09-06 11:21:38.882882+01		Dependent
6	Mrs	Asake	Belly	Oyo	Female	1970-09-22	54	Married	ask@gmail.com	0987654321	fashola estsate surulere	Lagos	fashola estsate surulere	FCT	gwapa	O+	AS	patient_photos/portpic.jpeg	Asake	Soko	Spouse	fashola estsate surulere	5467890998	2025-09-06 14:53:27.891001+01		Retiree
7	Mrs	Micheal	Katherine		Female	1997-09-17	27	Single	kat@gmail.com	0937474433	helen close	Cross River	oily road	Ekiti	okur	AB+	AC	patient_photos/potrpic2.jpeg	Micheal	James	Parent	oily road	4537239222	2025-09-06 14:57:23.811282+01		NonNPA
8	Mr	Tukur	Hamza		Male	2018-10-10	6	Single	hmz@gmail.com	3456789009	ikar lagon	FCT	lems road	Kano	lemu	O-	AA		Tukur	Bello	Parent	lems road	3456789980	2025-09-06 15:00:45.221092+01		Dependent
\.


--
-- Data for Name: patients_dependent; Type: TABLE DATA; Schema: public; Owner: emradmin
--

COPY public.patients_dependent (basepatient_ptr_id, dependent_type, relationship, sponsor_id) FROM stdin;
5	Employee Dependent	Parent	2
8	Employee Dependent		3
\.


--
-- Data for Name: patients_employee; Type: TABLE DATA; Schema: public; Owner: emradmin
--

COPY public.patients_employee (basepatient_ptr_id, personal_number, type, division, location) FROM stdin;
2	EMP123	Officer	HR	Headquarters
3	A2962	Officer	ICT	Headquarters
4	2345	Staff	Engineering	Headquarters
\.


--
-- Data for Name: patients_nonnpa; Type: TABLE DATA; Schema: public; Owner: emradmin
--

COPY public.patients_nonnpa (basepatient_ptr_id, non_npa_type) FROM stdin;
7	NYSC
\.


--
-- Data for Name: patients_retiree; Type: TABLE DATA; Schema: public; Owner: emradmin
--

COPY public.patients_retiree (basepatient_ptr_id, personal_number) FROM stdin;
6	7654
\.


--
-- Data for Name: patients_sponsor; Type: TABLE DATA; Schema: public; Owner: emradmin
--

COPY public.patients_sponsor (id, category, employee_id, retiree_id) FROM stdin;
1	Employee	2	\N
2	Employee	3	\N
3	Employee	4	\N
4	Retiree	\N	6
\.


--
-- Data for Name: patients_vital; Type: TABLE DATA; Schema: public; Owner: emradmin
--

COPY public.patients_vital (id, blood_pressure, temperature, pulse, respiratory_rate, oxygen_saturation, height, weight, rbs_fbs, created_at, patient_id) FROM stdin;
\.


--
-- Data for Name: registry_employee; Type: TABLE DATA; Schema: public; Owner: emradmin
--

COPY public.registry_employee (id, personal_number, first_name, last_name, employee_type, division, designation, location, marital_status, gender, date_of_birth, age, email, phone, address, blood_group, genotype, nok_first_name, nok_last_name, nok_relationship, nok_address, nok_phone, created_at, updated_at) FROM stdin;
\.


--
-- Data for Name: registry_employeedependent; Type: TABLE DATA; Schema: public; Owner: emradmin
--

COPY public.registry_employeedependent (id, title, surname, first_name, last_name, relationship, date_of_birth, age, phone, email, address, blood_group, genotype, nok_first_name, nok_last_name, nok_relationship, nok_address, nok_phone, sponsor_id) FROM stdin;
\.


--
-- Data for Name: registry_nonnpa; Type: TABLE DATA; Schema: public; Owner: emradmin
--

COPY public.registry_nonnpa (id, category, identifier, first_name, last_name, marital_status, gender, date_of_birth, age, email, phone, address, blood_group, genotype, nok_first_name, nok_last_name, nok_relationship, nok_address, nok_phone, created_at, updated_at) FROM stdin;
\.


--
-- Data for Name: registry_patient; Type: TABLE DATA; Schema: public; Owner: emradmin
--

COPY public.registry_patient (id, category, subcategory, personal_number, title, surname, first_name, last_name, gender, marital_status, date_of_birth, age, employee_type, designation, division, location, email, phone, address, blood_group, genotype, nok_first_name, nok_last_name, nok_relationship, nok_address, nok_phone, created_at, updated_at) FROM stdin;
1	Employee		123456	Mr	Doe	John	Smith	Male		1990-01-01	\N	Officer	Software Engineer	ICT	HQ	john@example.com	08012345678	123 Road, City								2025-08-05 22:27:46.748408+01	2025-08-05 22:27:46.748431+01
2	Employee		123487	Mr	Doe	John	Smith	Male	Married	1990-01-01	\N	Officer	Software Engineer	ICT	HQ	john@example.com	08012345678	123 Road, City	O+	AA	Jane	Doe	Wife	123 Road, City	08098765432	2025-08-05 22:29:13.25041+01	2025-08-05 22:29:13.250426+01
\.


--
-- Data for Name: registry_retiree; Type: TABLE DATA; Schema: public; Owner: emradmin
--

COPY public.registry_retiree (id, personal_number, first_name, last_name, marital_status, gender, date_of_birth, age, email, phone, address, blood_group, genotype, nok_first_name, nok_last_name, nok_relationship, nok_address, nok_phone, created_at, updated_at) FROM stdin;
\.


--
-- Data for Name: registry_retireedependent; Type: TABLE DATA; Schema: public; Owner: emradmin
--

COPY public.registry_retireedependent (id, title, surname, first_name, last_name, relationship, date_of_birth, age, phone, email, address, blood_group, genotype, nok_first_name, nok_last_name, nok_relationship, nok_address, nok_phone, sponsor_id) FROM stdin;
\.


--
-- Data for Name: visits; Type: TABLE DATA; Schema: public; Owner: emradmin
--

COPY public.visits (id, visit_date, visit_time, visit_location, visit_type, clinic, priority, special_instructions, status, created_at, updated_at, patient_id, patient_name, personal_number) FROM stdin;
6	2025-09-06	09:22:00	Bode Thomas Clinic	consultation	General	Medium		Scheduled	2025-09-06 09:22:42.327397+01	2025-09-06 09:22:42.327413+01	4	bello tukur	
7	2025-09-06	09:24:00	Bode Thomas Clinic	consultation	General	Medium		Scheduled	2025-09-06 09:25:02.802563+01	2025-09-06 09:25:02.802579+01	3	Yaro Muhammed	
10	2025-09-06	12:06:00	Bode Thomas Clinic	consultation	General	Medium		Completed	2025-09-06 12:07:00.584498+01	2025-09-06 19:54:07.74107+01	5	Yaro Aisha	
16	2025-09-06	10:00:00	Bode Thomas Clinic	consultation	General	Medium		Completed	2025-09-06 19:25:58.347895+01	2025-09-06 19:54:07.741762+01	3	Yaro Muhammed	
9	2025-09-06	12:06:00	Bode Thomas Clinic	consultation	General	Medium		Completed	2025-09-06 12:06:43.972349+01	2025-09-06 19:54:07.742479+01	4	bello tukur	
11	2025-09-06	12:07:00	Bode Thomas Clinic	consultation	General	Medium		Completed	2025-09-06 12:07:12.490182+01	2025-09-06 19:54:07.748021+01	3	Yaro Muhammed	
12	2025-09-06	15:07:00	Bode Thomas Clinic	consultation	General	Medium		Completed	2025-09-06 15:07:18.096342+01	2025-09-06 19:54:07.752871+01	6	Asake Belly	
8	2025-09-06	09:29:00	Bode Thomas Clinic	consultation	General	Medium		Completed	2025-09-06 09:29:24.989158+01	2025-09-06 19:54:07.753729+01	3	Yaro Muhammed	
13	2025-09-06	15:07:00	Bode Thomas Clinic	consultation	General	Medium		Completed	2025-09-06 15:07:21.989302+01	2025-09-06 19:54:07.799733+01	6	Asake Belly	
14	2025-09-06	15:07:00	Bode Thomas Clinic	consultation	General	Medium		Completed	2025-09-06 15:07:23.162557+01	2025-09-06 19:54:07.808846+01	6	Asake Belly	
15	2025-09-06	15:28:00	Bode Thomas Clinic	consultation	General	Medium		Completed	2025-09-06 15:28:42.416329+01	2025-09-06 19:54:07.815838+01	7	Micheal Katherine	
17	2025-09-06	19:29:00	Bode Thomas Clinic	consultation	General	Medium		Completed	2025-09-06 19:28:37.944763+01	2025-09-06 19:54:07.822393+01	3	Yaro Muhammed	
18	2025-09-07	12:53:00	Bode Thomas Clinic	consultation	General	Emergency		Cancelled	2025-09-07 12:53:17.380777+01	2025-09-07 12:53:48.689706+01	3	Yaro Muhammed	
19	2025-09-07	12:55:00	Bode Thomas Clinic	consultation	General	Medium	skip line	Cancelled	2025-09-07 12:54:09.83909+01	2025-09-07 12:55:06.195466+01	7	Micheal Katherine	
20	2025-09-07	12:55:00	Bode Thomas Clinic	consultation	General	Medium	skip line asap	Cancelled	2025-09-07 12:55:24.180719+01	2025-09-07 14:25:16.1066+01	6	Asake Belly	
21	2025-09-07	15:09:00	Bode Thomas Clinic	consultation	General	Medium		Completed	2025-09-07 15:09:20.660753+01	2025-09-07 15:09:44.196782+01	2	Test John	
22	2025-09-07	15:57:00	Bode Thomas Clinic	consultation	General	Medium		Scheduled	2025-09-07 15:57:19.461737+01	2025-09-07 15:57:19.461763+01	2	Test John	
23	2025-09-07	16:20:00	Bode Thomas Clinic	consultation	General	Medium		Scheduled	2025-09-07 16:20:23.93476+01	2025-09-07 16:20:23.934815+01	5	Yaro Aisha	
\.


--
-- Name: auth_group_id_seq; Type: SEQUENCE SET; Schema: public; Owner: emradmin
--

SELECT pg_catalog.setval('public.auth_group_id_seq', 2, true);


--
-- Name: auth_group_permissions_id_seq; Type: SEQUENCE SET; Schema: public; Owner: emradmin
--

SELECT pg_catalog.setval('public.auth_group_permissions_id_seq', 132, true);


--
-- Name: auth_permission_id_seq; Type: SEQUENCE SET; Schema: public; Owner: emradmin
--

SELECT pg_catalog.setval('public.auth_permission_id_seq', 80, true);


--
-- Name: auth_user_groups_id_seq; Type: SEQUENCE SET; Schema: public; Owner: emradmin
--

SELECT pg_catalog.setval('public.auth_user_groups_id_seq', 3, true);


--
-- Name: auth_user_id_seq; Type: SEQUENCE SET; Schema: public; Owner: emradmin
--

SELECT pg_catalog.setval('public.auth_user_id_seq', 1, true);


--
-- Name: auth_user_user_permissions_id_seq; Type: SEQUENCE SET; Schema: public; Owner: emradmin
--

SELECT pg_catalog.setval('public.auth_user_user_permissions_id_seq', 80, true);


--
-- Name: django_admin_log_id_seq; Type: SEQUENCE SET; Schema: public; Owner: emradmin
--

SELECT pg_catalog.setval('public.django_admin_log_id_seq', 8, true);


--
-- Name: django_content_type_id_seq; Type: SEQUENCE SET; Schema: public; Owner: emradmin
--

SELECT pg_catalog.setval('public.django_content_type_id_seq', 20, true);


--
-- Name: django_migrations_id_seq; Type: SEQUENCE SET; Schema: public; Owner: emradmin
--

SELECT pg_catalog.setval('public.django_migrations_id_seq', 25, true);


--
-- Name: medical_records_basepatient_id_seq; Type: SEQUENCE SET; Schema: public; Owner: emradmin
--

SELECT pg_catalog.setval('public.medical_records_basepatient_id_seq', 8, true);


--
-- Name: medical_records_sponsor_id_seq; Type: SEQUENCE SET; Schema: public; Owner: emradmin
--

SELECT pg_catalog.setval('public.medical_records_sponsor_id_seq', 4, true);


--
-- Name: medical_records_visit_id_seq; Type: SEQUENCE SET; Schema: public; Owner: emradmin
--

SELECT pg_catalog.setval('public.medical_records_visit_id_seq', 23, true);


--
-- Name: patients_vital_id_seq; Type: SEQUENCE SET; Schema: public; Owner: emradmin
--

SELECT pg_catalog.setval('public.patients_vital_id_seq', 1, false);


--
-- Name: registry_employee_id_seq; Type: SEQUENCE SET; Schema: public; Owner: emradmin
--

SELECT pg_catalog.setval('public.registry_employee_id_seq', 1, false);


--
-- Name: registry_employeedependent_id_seq; Type: SEQUENCE SET; Schema: public; Owner: emradmin
--

SELECT pg_catalog.setval('public.registry_employeedependent_id_seq', 1, false);


--
-- Name: registry_nonnpa_id_seq; Type: SEQUENCE SET; Schema: public; Owner: emradmin
--

SELECT pg_catalog.setval('public.registry_nonnpa_id_seq', 1, false);


--
-- Name: registry_patient_id_seq; Type: SEQUENCE SET; Schema: public; Owner: emradmin
--

SELECT pg_catalog.setval('public.registry_patient_id_seq', 2, true);


--
-- Name: registry_retiree_id_seq; Type: SEQUENCE SET; Schema: public; Owner: emradmin
--

SELECT pg_catalog.setval('public.registry_retiree_id_seq', 1, false);


--
-- Name: registry_retireedependent_id_seq; Type: SEQUENCE SET; Schema: public; Owner: emradmin
--

SELECT pg_catalog.setval('public.registry_retireedependent_id_seq', 1, false);


--
-- Name: auth_group auth_group_name_key; Type: CONSTRAINT; Schema: public; Owner: emradmin
--

ALTER TABLE ONLY public.auth_group
    ADD CONSTRAINT auth_group_name_key UNIQUE (name);


--
-- Name: auth_group_permissions auth_group_permissions_group_id_permission_id_0cd325b0_uniq; Type: CONSTRAINT; Schema: public; Owner: emradmin
--

ALTER TABLE ONLY public.auth_group_permissions
    ADD CONSTRAINT auth_group_permissions_group_id_permission_id_0cd325b0_uniq UNIQUE (group_id, permission_id);


--
-- Name: auth_group_permissions auth_group_permissions_pkey; Type: CONSTRAINT; Schema: public; Owner: emradmin
--

ALTER TABLE ONLY public.auth_group_permissions
    ADD CONSTRAINT auth_group_permissions_pkey PRIMARY KEY (id);


--
-- Name: auth_group auth_group_pkey; Type: CONSTRAINT; Schema: public; Owner: emradmin
--

ALTER TABLE ONLY public.auth_group
    ADD CONSTRAINT auth_group_pkey PRIMARY KEY (id);


--
-- Name: auth_permission auth_permission_content_type_id_codename_01ab375a_uniq; Type: CONSTRAINT; Schema: public; Owner: emradmin
--

ALTER TABLE ONLY public.auth_permission
    ADD CONSTRAINT auth_permission_content_type_id_codename_01ab375a_uniq UNIQUE (content_type_id, codename);


--
-- Name: auth_permission auth_permission_pkey; Type: CONSTRAINT; Schema: public; Owner: emradmin
--

ALTER TABLE ONLY public.auth_permission
    ADD CONSTRAINT auth_permission_pkey PRIMARY KEY (id);


--
-- Name: auth_user_groups auth_user_groups_pkey; Type: CONSTRAINT; Schema: public; Owner: emradmin
--

ALTER TABLE ONLY public.auth_user_groups
    ADD CONSTRAINT auth_user_groups_pkey PRIMARY KEY (id);


--
-- Name: auth_user_groups auth_user_groups_user_id_group_id_94350c0c_uniq; Type: CONSTRAINT; Schema: public; Owner: emradmin
--

ALTER TABLE ONLY public.auth_user_groups
    ADD CONSTRAINT auth_user_groups_user_id_group_id_94350c0c_uniq UNIQUE (user_id, group_id);


--
-- Name: auth_user auth_user_pkey; Type: CONSTRAINT; Schema: public; Owner: emradmin
--

ALTER TABLE ONLY public.auth_user
    ADD CONSTRAINT auth_user_pkey PRIMARY KEY (id);


--
-- Name: auth_user_user_permissions auth_user_user_permissions_pkey; Type: CONSTRAINT; Schema: public; Owner: emradmin
--

ALTER TABLE ONLY public.auth_user_user_permissions
    ADD CONSTRAINT auth_user_user_permissions_pkey PRIMARY KEY (id);


--
-- Name: auth_user_user_permissions auth_user_user_permissions_user_id_permission_id_14a6b632_uniq; Type: CONSTRAINT; Schema: public; Owner: emradmin
--

ALTER TABLE ONLY public.auth_user_user_permissions
    ADD CONSTRAINT auth_user_user_permissions_user_id_permission_id_14a6b632_uniq UNIQUE (user_id, permission_id);


--
-- Name: auth_user auth_user_username_key; Type: CONSTRAINT; Schema: public; Owner: emradmin
--

ALTER TABLE ONLY public.auth_user
    ADD CONSTRAINT auth_user_username_key UNIQUE (username);


--
-- Name: django_admin_log django_admin_log_pkey; Type: CONSTRAINT; Schema: public; Owner: emradmin
--

ALTER TABLE ONLY public.django_admin_log
    ADD CONSTRAINT django_admin_log_pkey PRIMARY KEY (id);


--
-- Name: django_content_type django_content_type_app_label_model_76bd3d3b_uniq; Type: CONSTRAINT; Schema: public; Owner: emradmin
--

ALTER TABLE ONLY public.django_content_type
    ADD CONSTRAINT django_content_type_app_label_model_76bd3d3b_uniq UNIQUE (app_label, model);


--
-- Name: django_content_type django_content_type_pkey; Type: CONSTRAINT; Schema: public; Owner: emradmin
--

ALTER TABLE ONLY public.django_content_type
    ADD CONSTRAINT django_content_type_pkey PRIMARY KEY (id);


--
-- Name: django_migrations django_migrations_pkey; Type: CONSTRAINT; Schema: public; Owner: emradmin
--

ALTER TABLE ONLY public.django_migrations
    ADD CONSTRAINT django_migrations_pkey PRIMARY KEY (id);


--
-- Name: django_session django_session_pkey; Type: CONSTRAINT; Schema: public; Owner: emradmin
--

ALTER TABLE ONLY public.django_session
    ADD CONSTRAINT django_session_pkey PRIMARY KEY (session_key);


--
-- Name: patients_basepatient medical_records_basepatient_pkey; Type: CONSTRAINT; Schema: public; Owner: emradmin
--

ALTER TABLE ONLY public.patients_basepatient
    ADD CONSTRAINT medical_records_basepatient_pkey PRIMARY KEY (id);


--
-- Name: patients_dependent medical_records_dependent_pkey; Type: CONSTRAINT; Schema: public; Owner: emradmin
--

ALTER TABLE ONLY public.patients_dependent
    ADD CONSTRAINT medical_records_dependent_pkey PRIMARY KEY (basepatient_ptr_id);


--
-- Name: patients_employee medical_records_employee_personal_number_key; Type: CONSTRAINT; Schema: public; Owner: emradmin
--

ALTER TABLE ONLY public.patients_employee
    ADD CONSTRAINT medical_records_employee_personal_number_key UNIQUE (personal_number);


--
-- Name: patients_employee medical_records_employee_pkey; Type: CONSTRAINT; Schema: public; Owner: emradmin
--

ALTER TABLE ONLY public.patients_employee
    ADD CONSTRAINT medical_records_employee_pkey PRIMARY KEY (basepatient_ptr_id);


--
-- Name: patients_nonnpa medical_records_nonnpa_pkey; Type: CONSTRAINT; Schema: public; Owner: emradmin
--

ALTER TABLE ONLY public.patients_nonnpa
    ADD CONSTRAINT medical_records_nonnpa_pkey PRIMARY KEY (basepatient_ptr_id);


--
-- Name: patients_retiree medical_records_retiree_personal_number_key; Type: CONSTRAINT; Schema: public; Owner: emradmin
--

ALTER TABLE ONLY public.patients_retiree
    ADD CONSTRAINT medical_records_retiree_personal_number_key UNIQUE (personal_number);


--
-- Name: patients_retiree medical_records_retiree_pkey; Type: CONSTRAINT; Schema: public; Owner: emradmin
--

ALTER TABLE ONLY public.patients_retiree
    ADD CONSTRAINT medical_records_retiree_pkey PRIMARY KEY (basepatient_ptr_id);


--
-- Name: patients_sponsor medical_records_sponsor_employee_id_key; Type: CONSTRAINT; Schema: public; Owner: emradmin
--

ALTER TABLE ONLY public.patients_sponsor
    ADD CONSTRAINT medical_records_sponsor_employee_id_key UNIQUE (employee_id);


--
-- Name: patients_sponsor medical_records_sponsor_pkey; Type: CONSTRAINT; Schema: public; Owner: emradmin
--

ALTER TABLE ONLY public.patients_sponsor
    ADD CONSTRAINT medical_records_sponsor_pkey PRIMARY KEY (id);


--
-- Name: patients_sponsor medical_records_sponsor_retiree_id_key; Type: CONSTRAINT; Schema: public; Owner: emradmin
--

ALTER TABLE ONLY public.patients_sponsor
    ADD CONSTRAINT medical_records_sponsor_retiree_id_key UNIQUE (retiree_id);


--
-- Name: visits medical_records_visit_pkey; Type: CONSTRAINT; Schema: public; Owner: emradmin
--

ALTER TABLE ONLY public.visits
    ADD CONSTRAINT medical_records_visit_pkey PRIMARY KEY (id);


--
-- Name: patients_vital patients_vital_pkey; Type: CONSTRAINT; Schema: public; Owner: emradmin
--

ALTER TABLE ONLY public.patients_vital
    ADD CONSTRAINT patients_vital_pkey PRIMARY KEY (id);


--
-- Name: registry_employee registry_employee_personal_number_key; Type: CONSTRAINT; Schema: public; Owner: emradmin
--

ALTER TABLE ONLY public.registry_employee
    ADD CONSTRAINT registry_employee_personal_number_key UNIQUE (personal_number);


--
-- Name: registry_employee registry_employee_pkey; Type: CONSTRAINT; Schema: public; Owner: emradmin
--

ALTER TABLE ONLY public.registry_employee
    ADD CONSTRAINT registry_employee_pkey PRIMARY KEY (id);


--
-- Name: registry_employeedependent registry_employeedependent_pkey; Type: CONSTRAINT; Schema: public; Owner: emradmin
--

ALTER TABLE ONLY public.registry_employeedependent
    ADD CONSTRAINT registry_employeedependent_pkey PRIMARY KEY (id);


--
-- Name: registry_nonnpa registry_nonnpa_identifier_key; Type: CONSTRAINT; Schema: public; Owner: emradmin
--

ALTER TABLE ONLY public.registry_nonnpa
    ADD CONSTRAINT registry_nonnpa_identifier_key UNIQUE (identifier);


--
-- Name: registry_nonnpa registry_nonnpa_pkey; Type: CONSTRAINT; Schema: public; Owner: emradmin
--

ALTER TABLE ONLY public.registry_nonnpa
    ADD CONSTRAINT registry_nonnpa_pkey PRIMARY KEY (id);


--
-- Name: registry_patient registry_patient_personal_number_key; Type: CONSTRAINT; Schema: public; Owner: emradmin
--

ALTER TABLE ONLY public.registry_patient
    ADD CONSTRAINT registry_patient_personal_number_key UNIQUE (personal_number);


--
-- Name: registry_patient registry_patient_pkey; Type: CONSTRAINT; Schema: public; Owner: emradmin
--

ALTER TABLE ONLY public.registry_patient
    ADD CONSTRAINT registry_patient_pkey PRIMARY KEY (id);


--
-- Name: registry_retiree registry_retiree_personal_number_key; Type: CONSTRAINT; Schema: public; Owner: emradmin
--

ALTER TABLE ONLY public.registry_retiree
    ADD CONSTRAINT registry_retiree_personal_number_key UNIQUE (personal_number);


--
-- Name: registry_retiree registry_retiree_pkey; Type: CONSTRAINT; Schema: public; Owner: emradmin
--

ALTER TABLE ONLY public.registry_retiree
    ADD CONSTRAINT registry_retiree_pkey PRIMARY KEY (id);


--
-- Name: registry_retireedependent registry_retireedependent_pkey; Type: CONSTRAINT; Schema: public; Owner: emradmin
--

ALTER TABLE ONLY public.registry_retireedependent
    ADD CONSTRAINT registry_retireedependent_pkey PRIMARY KEY (id);


--
-- Name: auth_group_name_a6ea08ec_like; Type: INDEX; Schema: public; Owner: emradmin
--

CREATE INDEX auth_group_name_a6ea08ec_like ON public.auth_group USING btree (name varchar_pattern_ops);


--
-- Name: auth_group_permissions_group_id_b120cbf9; Type: INDEX; Schema: public; Owner: emradmin
--

CREATE INDEX auth_group_permissions_group_id_b120cbf9 ON public.auth_group_permissions USING btree (group_id);


--
-- Name: auth_group_permissions_permission_id_84c5c92e; Type: INDEX; Schema: public; Owner: emradmin
--

CREATE INDEX auth_group_permissions_permission_id_84c5c92e ON public.auth_group_permissions USING btree (permission_id);


--
-- Name: auth_permission_content_type_id_2f476e4b; Type: INDEX; Schema: public; Owner: emradmin
--

CREATE INDEX auth_permission_content_type_id_2f476e4b ON public.auth_permission USING btree (content_type_id);


--
-- Name: auth_user_groups_group_id_97559544; Type: INDEX; Schema: public; Owner: emradmin
--

CREATE INDEX auth_user_groups_group_id_97559544 ON public.auth_user_groups USING btree (group_id);


--
-- Name: auth_user_groups_user_id_6a12ed8b; Type: INDEX; Schema: public; Owner: emradmin
--

CREATE INDEX auth_user_groups_user_id_6a12ed8b ON public.auth_user_groups USING btree (user_id);


--
-- Name: auth_user_user_permissions_permission_id_1fbb5f2c; Type: INDEX; Schema: public; Owner: emradmin
--

CREATE INDEX auth_user_user_permissions_permission_id_1fbb5f2c ON public.auth_user_user_permissions USING btree (permission_id);


--
-- Name: auth_user_user_permissions_user_id_a95ead1b; Type: INDEX; Schema: public; Owner: emradmin
--

CREATE INDEX auth_user_user_permissions_user_id_a95ead1b ON public.auth_user_user_permissions USING btree (user_id);


--
-- Name: auth_user_username_6821ab7c_like; Type: INDEX; Schema: public; Owner: emradmin
--

CREATE INDEX auth_user_username_6821ab7c_like ON public.auth_user USING btree (username varchar_pattern_ops);


--
-- Name: django_admin_log_content_type_id_c4bce8eb; Type: INDEX; Schema: public; Owner: emradmin
--

CREATE INDEX django_admin_log_content_type_id_c4bce8eb ON public.django_admin_log USING btree (content_type_id);


--
-- Name: django_admin_log_user_id_c564eba6; Type: INDEX; Schema: public; Owner: emradmin
--

CREATE INDEX django_admin_log_user_id_c564eba6 ON public.django_admin_log USING btree (user_id);


--
-- Name: django_session_expire_date_a5c62663; Type: INDEX; Schema: public; Owner: emradmin
--

CREATE INDEX django_session_expire_date_a5c62663 ON public.django_session USING btree (expire_date);


--
-- Name: django_session_session_key_c0390e0f_like; Type: INDEX; Schema: public; Owner: emradmin
--

CREATE INDEX django_session_session_key_c0390e0f_like ON public.django_session USING btree (session_key varchar_pattern_ops);


--
-- Name: medical_records_dependent_sponsor_id_691712a2; Type: INDEX; Schema: public; Owner: emradmin
--

CREATE INDEX medical_records_dependent_sponsor_id_691712a2 ON public.patients_dependent USING btree (sponsor_id);


--
-- Name: medical_records_employee_personal_number_d66865e5_like; Type: INDEX; Schema: public; Owner: emradmin
--

CREATE INDEX medical_records_employee_personal_number_d66865e5_like ON public.patients_employee USING btree (personal_number varchar_pattern_ops);


--
-- Name: medical_records_retiree_personal_number_939fedde_like; Type: INDEX; Schema: public; Owner: emradmin
--

CREATE INDEX medical_records_retiree_personal_number_939fedde_like ON public.patients_retiree USING btree (personal_number varchar_pattern_ops);


--
-- Name: medical_records_visit_patient_id_18865d25; Type: INDEX; Schema: public; Owner: emradmin
--

CREATE INDEX medical_records_visit_patient_id_18865d25 ON public.visits USING btree (patient_id);


--
-- Name: patients_vital_patient_id_ae0e8467; Type: INDEX; Schema: public; Owner: emradmin
--

CREATE INDEX patients_vital_patient_id_ae0e8467 ON public.patients_vital USING btree (patient_id);


--
-- Name: registry_employee_personal_number_122a00f5_like; Type: INDEX; Schema: public; Owner: emradmin
--

CREATE INDEX registry_employee_personal_number_122a00f5_like ON public.registry_employee USING btree (personal_number varchar_pattern_ops);


--
-- Name: registry_employeedependent_sponsor_id_41d158f7; Type: INDEX; Schema: public; Owner: emradmin
--

CREATE INDEX registry_employeedependent_sponsor_id_41d158f7 ON public.registry_employeedependent USING btree (sponsor_id);


--
-- Name: registry_nonnpa_identifier_1d211592_like; Type: INDEX; Schema: public; Owner: emradmin
--

CREATE INDEX registry_nonnpa_identifier_1d211592_like ON public.registry_nonnpa USING btree (identifier varchar_pattern_ops);


--
-- Name: registry_patient_personal_number_c8ef05fb_like; Type: INDEX; Schema: public; Owner: emradmin
--

CREATE INDEX registry_patient_personal_number_c8ef05fb_like ON public.registry_patient USING btree (personal_number varchar_pattern_ops);


--
-- Name: registry_retiree_personal_number_c3ba716d_like; Type: INDEX; Schema: public; Owner: emradmin
--

CREATE INDEX registry_retiree_personal_number_c3ba716d_like ON public.registry_retiree USING btree (personal_number varchar_pattern_ops);


--
-- Name: registry_retireedependent_sponsor_id_ecb90c27; Type: INDEX; Schema: public; Owner: emradmin
--

CREATE INDEX registry_retireedependent_sponsor_id_ecb90c27 ON public.registry_retireedependent USING btree (sponsor_id);


--
-- Name: auth_group_permissions auth_group_permissio_permission_id_84c5c92e_fk_auth_perm; Type: FK CONSTRAINT; Schema: public; Owner: emradmin
--

ALTER TABLE ONLY public.auth_group_permissions
    ADD CONSTRAINT auth_group_permissio_permission_id_84c5c92e_fk_auth_perm FOREIGN KEY (permission_id) REFERENCES public.auth_permission(id) DEFERRABLE INITIALLY DEFERRED;


--
-- Name: auth_group_permissions auth_group_permissions_group_id_b120cbf9_fk_auth_group_id; Type: FK CONSTRAINT; Schema: public; Owner: emradmin
--

ALTER TABLE ONLY public.auth_group_permissions
    ADD CONSTRAINT auth_group_permissions_group_id_b120cbf9_fk_auth_group_id FOREIGN KEY (group_id) REFERENCES public.auth_group(id) DEFERRABLE INITIALLY DEFERRED;


--
-- Name: auth_permission auth_permission_content_type_id_2f476e4b_fk_django_co; Type: FK CONSTRAINT; Schema: public; Owner: emradmin
--

ALTER TABLE ONLY public.auth_permission
    ADD CONSTRAINT auth_permission_content_type_id_2f476e4b_fk_django_co FOREIGN KEY (content_type_id) REFERENCES public.django_content_type(id) DEFERRABLE INITIALLY DEFERRED;


--
-- Name: auth_user_groups auth_user_groups_group_id_97559544_fk_auth_group_id; Type: FK CONSTRAINT; Schema: public; Owner: emradmin
--

ALTER TABLE ONLY public.auth_user_groups
    ADD CONSTRAINT auth_user_groups_group_id_97559544_fk_auth_group_id FOREIGN KEY (group_id) REFERENCES public.auth_group(id) DEFERRABLE INITIALLY DEFERRED;


--
-- Name: auth_user_groups auth_user_groups_user_id_6a12ed8b_fk_auth_user_id; Type: FK CONSTRAINT; Schema: public; Owner: emradmin
--

ALTER TABLE ONLY public.auth_user_groups
    ADD CONSTRAINT auth_user_groups_user_id_6a12ed8b_fk_auth_user_id FOREIGN KEY (user_id) REFERENCES public.auth_user(id) DEFERRABLE INITIALLY DEFERRED;


--
-- Name: auth_user_user_permissions auth_user_user_permi_permission_id_1fbb5f2c_fk_auth_perm; Type: FK CONSTRAINT; Schema: public; Owner: emradmin
--

ALTER TABLE ONLY public.auth_user_user_permissions
    ADD CONSTRAINT auth_user_user_permi_permission_id_1fbb5f2c_fk_auth_perm FOREIGN KEY (permission_id) REFERENCES public.auth_permission(id) DEFERRABLE INITIALLY DEFERRED;


--
-- Name: auth_user_user_permissions auth_user_user_permissions_user_id_a95ead1b_fk_auth_user_id; Type: FK CONSTRAINT; Schema: public; Owner: emradmin
--

ALTER TABLE ONLY public.auth_user_user_permissions
    ADD CONSTRAINT auth_user_user_permissions_user_id_a95ead1b_fk_auth_user_id FOREIGN KEY (user_id) REFERENCES public.auth_user(id) DEFERRABLE INITIALLY DEFERRED;


--
-- Name: django_admin_log django_admin_log_content_type_id_c4bce8eb_fk_django_co; Type: FK CONSTRAINT; Schema: public; Owner: emradmin
--

ALTER TABLE ONLY public.django_admin_log
    ADD CONSTRAINT django_admin_log_content_type_id_c4bce8eb_fk_django_co FOREIGN KEY (content_type_id) REFERENCES public.django_content_type(id) DEFERRABLE INITIALLY DEFERRED;


--
-- Name: django_admin_log django_admin_log_user_id_c564eba6_fk_auth_user_id; Type: FK CONSTRAINT; Schema: public; Owner: emradmin
--

ALTER TABLE ONLY public.django_admin_log
    ADD CONSTRAINT django_admin_log_user_id_c564eba6_fk_auth_user_id FOREIGN KEY (user_id) REFERENCES public.auth_user(id) DEFERRABLE INITIALLY DEFERRED;


--
-- Name: patients_dependent medical_records_depe_basepatient_ptr_id_b44517b1_fk_medical_r; Type: FK CONSTRAINT; Schema: public; Owner: emradmin
--

ALTER TABLE ONLY public.patients_dependent
    ADD CONSTRAINT medical_records_depe_basepatient_ptr_id_b44517b1_fk_medical_r FOREIGN KEY (basepatient_ptr_id) REFERENCES public.patients_basepatient(id) DEFERRABLE INITIALLY DEFERRED;


--
-- Name: patients_dependent medical_records_depe_sponsor_id_691712a2_fk_medical_r; Type: FK CONSTRAINT; Schema: public; Owner: emradmin
--

ALTER TABLE ONLY public.patients_dependent
    ADD CONSTRAINT medical_records_depe_sponsor_id_691712a2_fk_medical_r FOREIGN KEY (sponsor_id) REFERENCES public.patients_sponsor(id) DEFERRABLE INITIALLY DEFERRED;


--
-- Name: patients_employee medical_records_empl_basepatient_ptr_id_ecda2508_fk_medical_r; Type: FK CONSTRAINT; Schema: public; Owner: emradmin
--

ALTER TABLE ONLY public.patients_employee
    ADD CONSTRAINT medical_records_empl_basepatient_ptr_id_ecda2508_fk_medical_r FOREIGN KEY (basepatient_ptr_id) REFERENCES public.patients_basepatient(id) DEFERRABLE INITIALLY DEFERRED;


--
-- Name: patients_nonnpa medical_records_nonn_basepatient_ptr_id_8549084f_fk_medical_r; Type: FK CONSTRAINT; Schema: public; Owner: emradmin
--

ALTER TABLE ONLY public.patients_nonnpa
    ADD CONSTRAINT medical_records_nonn_basepatient_ptr_id_8549084f_fk_medical_r FOREIGN KEY (basepatient_ptr_id) REFERENCES public.patients_basepatient(id) DEFERRABLE INITIALLY DEFERRED;


--
-- Name: patients_retiree medical_records_reti_basepatient_ptr_id_0958de7e_fk_medical_r; Type: FK CONSTRAINT; Schema: public; Owner: emradmin
--

ALTER TABLE ONLY public.patients_retiree
    ADD CONSTRAINT medical_records_reti_basepatient_ptr_id_0958de7e_fk_medical_r FOREIGN KEY (basepatient_ptr_id) REFERENCES public.patients_basepatient(id) DEFERRABLE INITIALLY DEFERRED;


--
-- Name: patients_sponsor medical_records_spon_employee_id_64fc0f10_fk_medical_r; Type: FK CONSTRAINT; Schema: public; Owner: emradmin
--

ALTER TABLE ONLY public.patients_sponsor
    ADD CONSTRAINT medical_records_spon_employee_id_64fc0f10_fk_medical_r FOREIGN KEY (employee_id) REFERENCES public.patients_employee(basepatient_ptr_id) DEFERRABLE INITIALLY DEFERRED;


--
-- Name: patients_sponsor medical_records_spon_retiree_id_3c039417_fk_medical_r; Type: FK CONSTRAINT; Schema: public; Owner: emradmin
--

ALTER TABLE ONLY public.patients_sponsor
    ADD CONSTRAINT medical_records_spon_retiree_id_3c039417_fk_medical_r FOREIGN KEY (retiree_id) REFERENCES public.patients_retiree(basepatient_ptr_id) DEFERRABLE INITIALLY DEFERRED;


--
-- Name: visits medical_records_visi_patient_id_18865d25_fk_medical_r; Type: FK CONSTRAINT; Schema: public; Owner: emradmin
--

ALTER TABLE ONLY public.visits
    ADD CONSTRAINT medical_records_visi_patient_id_18865d25_fk_medical_r FOREIGN KEY (patient_id) REFERENCES public.patients_basepatient(id) DEFERRABLE INITIALLY DEFERRED;


--
-- Name: patients_vital patients_vital_patient_id_ae0e8467_fk_patients_basepatient_id; Type: FK CONSTRAINT; Schema: public; Owner: emradmin
--

ALTER TABLE ONLY public.patients_vital
    ADD CONSTRAINT patients_vital_patient_id_ae0e8467_fk_patients_basepatient_id FOREIGN KEY (patient_id) REFERENCES public.patients_basepatient(id) DEFERRABLE INITIALLY DEFERRED;


--
-- Name: registry_employeedependent registry_employeedep_sponsor_id_41d158f7_fk_registry_; Type: FK CONSTRAINT; Schema: public; Owner: emradmin
--

ALTER TABLE ONLY public.registry_employeedependent
    ADD CONSTRAINT registry_employeedep_sponsor_id_41d158f7_fk_registry_ FOREIGN KEY (sponsor_id) REFERENCES public.registry_employee(id) DEFERRABLE INITIALLY DEFERRED;


--
-- Name: registry_retireedependent registry_retireedepe_sponsor_id_ecb90c27_fk_registry_; Type: FK CONSTRAINT; Schema: public; Owner: emradmin
--

ALTER TABLE ONLY public.registry_retireedependent
    ADD CONSTRAINT registry_retireedepe_sponsor_id_ecb90c27_fk_registry_ FOREIGN KEY (sponsor_id) REFERENCES public.registry_retiree(id) DEFERRABLE INITIALLY DEFERRED;


--
-- PostgreSQL database dump complete
--

